{
    "customenv": {
        "info_relay4": {
            "mappo": {
                "seed_0": {
                    "absolute_metrics": {
                        "agent_return": [
                            8.499536514282227
                        ],
                        "return": [
                            8.499536514282227
                        ]
                    },
                    "step_35": {
                        "step_count": 4200000,
                        "agent_return": [
                            7.27348518371582,
                            6.625087738037109,
                            6.067905902862549,
                            8.499536514282227,
                            7.144485950469971,
                            6.513350009918213,
                            7.769382476806641,
                            7.615280628204346,
                            6.8810200691223145,
                            7.435340404510498
                        ],
                        "return": [
                            7.27348518371582,
                            6.625087738037109,
                            6.067905902862549,
                            8.499536514282227,
                            7.144485950469971,
                            6.513350009918213,
                            7.769382476806641,
                            7.615280628204346,
                            6.8810200691223145,
                            7.435340404510498
                        ]
                    }
                }
            }
        }
    }
}